Country,Sex,Age Group,Y2014,2014,Y2010,2010
Afghanistan, Both sexes, 18+  years,21.6 [19.7-23.6],21.6,21.2 [19.3-23.1],21.2
Afghanistan, Female, 18+  years,21.8 [18.6-25],21.8,21.2 [18.3-24.4],21.2
Afghanistan, Male, 18+  years,21.5 [19-23.9],21.5,21.1 [18.8-23.5],21.1
Albania, Both sexes, 18+  years,26.1 [25.4-26.9],26.1,25.9 [25.3-26.5],25.9
Albania, Female, 18+  years,25.6 [24.6-26.7],25.6,25.6 [24.7-26.4],25.6
Albania, Male, 18+  years,26.6 [25.6-27.5],26.6,26.3 [25.5-27],26.3
Algeria, Both sexes, 18+  years,26.2 [25.1-27.5],26.2,25.9 [24.8-27],25.9
Algeria, Female, 18+  years,27 [25.1-28.9],27,26.7 [24.9-28.5],26.7
Algeria, Male, 18+  years,25.5 [23.9-27.1],25.5,25.1 [23.7-26.6],25.1
Andorra, Both sexes, 18+  years,27.5 [25.4-29.3],27.5,27.3 [25.5-29.3],27.3
Andorra, Female, 18+  years,27.1 [24.1-30.2],27.1,27.1 [24.2-30],27.1
Andorra, Male, 18+  years,27.8 [25.4-30.3],27.8,27.5 [25.2-29.9],27.5
Angola, Both sexes, 18+  years,24.1 [22-26.2],24.1,23.6 [21.8-25.6],23.6
Angola, Female, 18+  years,24.6 [21.5-27.8],24.6,24.1 [21.1-27.1],24.1
Angola, Male, 18+  years,23.5 [21-26.1],23.5,23.1 [20.7-25.6],23.1
Antigua and Barbuda, Both sexes, 18+  years,28.4 [26.3-30.4],28.4,27.9 [26-29.7],27.9
Antigua and Barbuda, Female, 18+  years,29.5 [26.3-32.5],29.5,28.9 [25.9-31.8],28.9
Antigua and Barbuda, Male, 18+  years,27.3 [24.9-29.8],27.3,26.8 [24.5-29.2],26.8
Argentina, Both sexes, 18+  years,27.7 [26.8-28.6],27.7,27.2 [26.5-28],27.2
Argentina, Female, 18+  years,27.5 [26.3-28.8],27.5,27.1 [26.2-28.1],27.1
Argentina, Male, 18+  years,27.8 [26.5-29.1],27.8,27.4 [26.3-28.4],27.4
Armenia, Both sexes, 18+  years,26.7 [25.8-27.6],26.7,26.3 [25.5-27.1],26.3
Armenia, Female, 18+  years,27.4 [26.1-28.8],27.4,27.1 [26.1-28.2],27.1
Armenia, Male, 18+  years,25.9 [24.7-27.3],25.9,25.5 [24.5-26.6],25.5
Australia, Both sexes, 18+  years,27.2 [26.7-27.6],27.2,26.9 [26.7-27.2],26.9
Australia, Female, 18+  years,26.8 [26.2-27.4],26.8,26.6 [26.2-27],26.6
Australia, Male, 18+  years,27.6 [27-28.1],27.6,27.3 [26.9-27.7],27.3
Austria, Both sexes, 18+  years,25.4 [23.9-26.9],25.4,25.3 [24-26.6],25.3
Austria, Female, 18+  years,24.4 [22-26.7],24.4,24.3 [22.2-26.4],24.3
Austria, Male, 18+  years,26.5 [24.6-28.3],26.5,26.2 [24.6-27.9],26.2
Azerbaijan, Both sexes, 18+  years,27.4 [26.5-28.3],27.4,26.7 [26.1-27.4],26.7
Azerbaijan, Female, 18+  years,28.1 [26.8-29.5],28.1,27.6 [26.5-28.6],27.6
Azerbaijan, Male, 18+  years,26.6 [25.4-27.8],26.6,25.9 [25-26.8],25.9
Bahamas, Both sexes, 18+  years,28.8 [26.9-30.7],28.8,28.4 [26.4-30.2],28.4
Bahamas, Female, 18+  years,29.6 [26.6-32.7],29.6,29.2 [26.3-32.2],29.2
Bahamas, Male, 18+  years,28 [25.6-30.4],28,27.5 [25.2-29.8],27.5
Bahrain, Both sexes, 18+  years,28.2 [27.2-29.2],28.2,27.8 [27-28.7],27.8
Bahrain, Female, 18+  years,28.6 [27.1-30.3],28.6,28.3 [27.1-29.6],28.3
Bahrain, Male, 18+  years,28 [26.6-29.3],28,27.5 [26.5-28.6],27.5
Bangladesh, Both sexes, 18+  years,21 [20.4-21.6],21,20.6 [20.2-21],20.6
Bangladesh, Female, 18+  years,21.2 [20.4-22],21.2,20.7 [20.1-21.2],20.7
Bangladesh, Male, 18+  years,20.7 [19.9-21.6],20.7,20.5 [19.8-21.1],20.5
Barbados, Both sexes, 18+  years,28.7 [27.5-30],28.7,28.2 [27-29.2],28.2
Barbados, Female, 18+  years,30 [27.9-32],30,29.5 [27.8-31.1],29.5
Barbados, Male, 18+  years,27.4 [25.7-29],27.4,26.8 [25.4-28.2],26.8
Belarus, Both sexes, 18+  years,26.6 [24.6-28.8],26.6,26.4 [24.5-28.4],26.4
Belarus, Female, 18+  years,26.2 [23.1-29.4],26.2,26.2 [23.1-29.1],26.2
Belarus, Male, 18+  years,27.1 [24.6-29.5],27.1,26.6 [24.2-29],26.6
Belgium, Both sexes, 18+  years,25.5 [24.5-26.4],25.5,25.4 [24.6-26.2],25.4
Belgium, Female, 18+  years,24.7 [23.1-26.2],24.7,24.8 [23.4-26],24.8
Belgium, Male, 18+  years,26.2 [25.1-27.4],26.2,26.1 [25.2-27],26.1
Belize, Both sexes, 18+  years,28.9 [27.9-29.8],28.9,28.4 [27.7-29.1],28.4
Belize, Female, 18+  years,30.2 [28.9-31.6],30.2,29.8 [28.6-30.9],29.8
Belize, Male, 18+  years,27.5 [26.2-28.8],27.5,27.1 [26.1-28.2],27.1
Benin, Both sexes, 18+  years,23.4 [22.8-24],23.4,23.1 [22.6-23.6],23.1
Benin, Female, 18+  years,24.3 [23.5-25],24.3,23.8 [23.2-24.3],23.8
Benin, Male, 18+  years,22.6 [21.6-23.6],22.6,22.4 [21.6-23.2],22.4
Bhutan, Both sexes, 18+  years,23.8 [23.2-24.4],23.8,23.3 [22.8-23.9],23.3
Bhutan, Female, 18+  years,24.2 [23.4-25.1],24.2,23.7 [22.8-24.6],23.7
Bhutan, Male, 18+  years,23.4 [22.7-24.2],23.4,23 [22.3-23.8],23
Bolivia (Plurinational State of), Both sexes, 18+  years,25.9 [25-26.9],25.9,25.5 [24.7-26.3],25.5
Bolivia (Plurinational State of), Female, 18+  years,27.3 [26.1-28.5],27.3,26.8 [26-27.7],26.8
Bolivia (Plurinational State of), Male, 18+  years,24.6 [23.2-26],24.6,24.2 [23-25.5],24.2
Bosnia and Herzegovina, Both sexes, 18+  years,26.1 [25.1-27.1],26.1,26 [25.2-26.8],26
Bosnia and Herzegovina, Female, 18+  years,25.7 [24.2-27.3],25.7,25.7 [24.5-26.9],25.7
Bosnia and Herzegovina, Male, 18+  years,26.5 [25.2-27.8],26.5,26.2 [25.2-27.3],26.2
Botswana, Both sexes, 18+  years,24.7 [23.9-25.5],24.7,24.4 [23.7-25],24.4
Botswana, Female, 18+  years,26.6 [25.4-27.8],26.6,26.2 [25.2-27.2],26.2
Botswana, Male, 18+  years,22.9 [21.8-24],22.9,22.5 [21.6-23.4],22.5
Brazil, Both sexes, 18+  years,25.9 [25.4-26.5],25.9,25.6 [25.3-25.9],25.6
Brazil, Female, 18+  years,26 [25.3-26.8],26,25.7 [25.2-26.2],25.7
Brazil, Male, 18+  years,25.9 [25.2-26.6],25.9,25.5 [25-25.9],25.5
Brunei Darussalam, Both sexes, 18+  years,26.2 [24.1-28.3],26.2,26 [24.2-28],26
Brunei Darussalam, Female, 18+  years,26.6 [23.4-29.7],26.6,26.5 [23.5-29.5],26.5
Brunei Darussalam, Male, 18+  years,25.8 [23.3-28.3],25.8,25.5 [23.2-27.9],25.5
Bulgaria, Both sexes, 18+  years,26 [25.1-27],26,25.8 [25.1-26.6],25.8
Bulgaria, Female, 18+  years,25.3 [23.9-26.7],25.3,25.2 [24.1-26.4],25.2
Bulgaria, Male, 18+  years,26.7 [25.5-28],26.7,26.4 [25.5-27.4],26.4
Burkina Faso, Both sexes, 18+  years,22.1 [21.5-22.6],22.1,21.8 [21.4-22.2],21.8
Burkina Faso, Female, 18+  years,22 [21.3-22.7],22,21.8 [21.2-22.3],21.8
Burkina Faso, Male, 18+  years,22.1 [21.3-22.9],22.1,21.9 [21.1-22.6],21.9
Burundi, Both sexes, 18+  years,20.9 [19.6-22.2],20.9,20.7 [19.5-21.9],20.7
Burundi, Female, 18+  years,21.3 [20.2-22.5],21.3,21 [20-22],21
Burundi, Male, 18+  years,20.4 [17.9-22.9],20.4,20.4 [18-22.7],20.4
Côte d'Ivoire, Both sexes, 18+  years,23.6 [22.9-24.3],23.6,23.4 [22.8-23.9],23.4
Côte d'Ivoire, Female, 18+  years,24.1 [23.2-24.9],24.1,23.8 [23.1-24.4],23.8
Côte d'Ivoire, Male, 18+  years,23.2 [22.1-24.2],23.2,23 [22.2-23.8],23
Cabo Verde, Both sexes, 18+  years,24.7 [23.9-25.5],24.7,24.3 [23.6-25.1],24.3
Cabo Verde, Female, 18+  years,25.4 [24.2-26.6],25.4,25 [24-26.1],25
Cabo Verde, Male, 18+  years,23.9 [22.8-25],23.9,23.6 [22.7-24.5],23.6
Cambodia, Both sexes, 18+  years,21.9 [21.3-22.5],21.9,21.5 [21-22],21.5
Cambodia, Female, 18+  years,22 [21.2-22.8],22,21.6 [21-22.2],21.6
Cambodia, Male, 18+  years,21.9 [20.9-22.8],21.9,21.5 [20.7-22.3],21.5
Cameroon, Both sexes, 18+  years,24.4 [23.7-25.3],24.4,24.2 [23.5-24.9],24.2
Cameroon, Female, 18+  years,25.1 [24.3-25.8],25.1,24.7 [24.1-25.3],24.7
Cameroon, Male, 18+  years,23.8 [22.4-25.2],23.8,23.6 [22.4-24.8],23.6
Canada, Both sexes, 18+  years,27.2 [26.6-27.8],27.2,27 [26.6-27.3],27
Canada, Female, 18+  years,26.8 [25.9-27.6],26.8,26.6 [26-27.1],26.6
Canada, Male, 18+  years,27.6 [26.8-28.3],27.6,27.4 [26.9-27.9],27.4
Central African Republic, Both sexes, 18+  years,22.4 [21.3-23.5],22.4,22.2 [21.3-23.1],22.2
Central African Republic, Female, 18+  years,23.2 [21.7-24.8],23.2,22.8 [21.5-24],22.8
Central African Republic, Male, 18+  years,21.6 [20.1-23.2],21.6,21.5 [20.1-22.9],21.5
Chad, Both sexes, 18+  years,22.3 [21.3-23.3],22.3,22 [21.2-22.8],22
Chad, Female, 18+  years,22.5 [21.3-23.7],22.5,22.2 [21.2-23.1],22.2
Chad, Male, 18+  years,22.1 [20.6-23.7],22.1,21.9 [20.5-23.3],21.9
Chile, Both sexes, 18+  years,27.8 [27.2-28.4],27.8,27.5 [27-27.9],27.5
Chile, Female, 18+  years,28 [27-28.9],28,27.7 [27-28.4],27.7
Chile, Male, 18+  years,27.6 [26.7-28.5],27.6,27.2 [26.6-27.8],27.2
China, Both sexes, 18+  years,23.9 [23.4-24.4],23.9,23.4 [23.1-23.7],23.4
China, Female, 18+  years,23.6 [22.9-24.4],23.6,23.3 [22.8-23.7],23.3
China, Male, 18+  years,24.2 [23.5-24.9],24.2,23.6 [23.2-24],23.6
Colombia, Both sexes, 18+  years,25.9 [25.4-26.5],25.9,25.6 [25.2-26],25.6
Colombia, Female, 18+  years,26.5 [25.6-27.3],26.5,26.2 [25.6-26.8],26.2
Colombia, Male, 18+  years,25.4 [24.6-26.1],25.4,25 [24.4-25.5],25
Comoros, Both sexes, 18+  years,24.1 [23.5-24.7],24.1,23.8 [23.2-24.3],23.8
Comoros, Female, 18+  years,25.1 [24.4-26],25.1,24.6 [23.9-25.3],24.6
Comoros, Male, 18+  years,23 [22.2-23.9],23,22.9 [22.1-23.7],22.9
Congo, Both sexes, 18+  years,23.3 [22.3-24.2],23.3,23 [22.1-23.8],23
Congo, Female, 18+  years,24.1 [23.2-25.1],24.1,23.7 [22.9-24.5],23.7
Congo, Male, 18+  years,22.5 [20.8-24.1],22.5,22.2 [20.7-23.7],22.2
Cook Islands, Both sexes, 18+  years,32.3 [31.4-33.2],32.3,32 [31.2-32.9],32
Cook Islands, Female, 18+  years,32.6 [31.2-34],32.6,32.4 [31.2-33.5],32.4
Cook Islands, Male, 18+  years,32.1 [30.8-33.4],32.1,31.7 [30.6-32.8],31.7
Costa Rica, Both sexes, 18+  years,26.9 [26.3-27.5],26.9,26.5 [26-27.1],26.5
Costa Rica, Female, 18+  years,27.1 [26.2-27.9],27.1,26.7 [25.9-27.5],26.7
Costa Rica, Male, 18+  years,26.7 [25.9-27.5],26.7,26.4 [25.7-27.1],26.4
Croatia, Both sexes, 18+  years,25.5 [24.4-26.7],25.5,25.3 [24.4-26.3],25.3
Croatia, Female, 18+  years,24.6 [22.7-26.4],24.6,24.5 [23-26.1],24.5
Croatia, Male, 18+  years,26.5 [24.9-28.1],26.5,26.2 [24.9-27.5],26.2
Cuba, Both sexes, 18+  years,26.2 [25.1-27.1],26.2,25.7 [24.9-26.4],25.7
Cuba, Female, 18+  years,26.7 [25.2-28.2],26.7,26.3 [25.1-27.5],26.3
Cuba, Male, 18+  years,25.6 [24.2-27],25.6,25.1 [24-26.2],25.1
Cyprus, Both sexes, 18+  years,27 [25.9-28],27,26.8 [25.9-27.7],26.8
Cyprus, Female, 18+  years,26.3 [24.8-27.9],26.3,26.2 [25-27.5],26.2
Cyprus, Male, 18+  years,27.6 [26.3-29],27.6,27.4 [26.3-28.6],27.4
Czech Republic, Both sexes, 18+  years,26.9 [26.2-27.6],26.9,26.8 [26.3-27.3],26.8
Czech Republic, Female, 18+  years,26 [24.9-27.1],26,26.1 [25.3-26.9],26.1
Czech Republic, Male, 18+  years,27.8 [26.9-28.8],27.8,27.6 [26.9-28.3],27.6
Democratic People's Republic of Korea, Both sexes, 18+  years,21.8 [19.6-24],21.8,21.8 [19.7-23.9],21.8
Democratic People's Republic of Korea, Female, 18+  years,21.8 [18.3-25.2],21.8,21.8 [18.5-25],21.8
Democratic People's Republic of Korea, Male, 18+  years,21.9 [19.2-24.5],21.9,21.8 [19.3-24.2],21.8
Democratic Republic of the Congo, Both sexes, 18+  years,22.2 [21.3-23],22.2,21.9 [21.2-22.6],21.9
Democratic Republic of the Congo, Female, 18+  years,22.5 [21.7-23.3],22.5,22.1 [21.4-22.7],22.1
Democratic Republic of the Congo, Male, 18+  years,21.8 [20.3-23.4],21.8,21.8 [20.5-23.1],21.8
Denmark, Both sexes, 18+  years,25.3 [24.6-25.9],25.3,25.1 [24.6-25.6],25.1
Denmark, Female, 18+  years,24.5 [23.5-25.5],24.5,24.4 [23.6-25.2],24.4
Denmark, Male, 18+  years,26 [25.1-26.9],26,25.9 [25.2-26.5],25.9
Djibouti, Both sexes, 18+  years,23.3 [21.3-25.5],23.3,23.2 [21.3-25.2],23.2
Djibouti, Female, 18+  years,23.9 [20.9-27],23.9,23.7 [20.8-26.7],23.7
Djibouti, Male, 18+  years,22.7 [20.3-25.2],22.7,22.6 [20.3-25],22.6
Dominica, Both sexes, 18+  years,27 [26.2-27.9],27,26.5 [25.8-27.3],26.5
Dominica, Female, 18+  years,29 [27.7-30.3],29,28.5 [27.4-29.5],28.5
Dominica, Male, 18+  years,25.1 [23.9-26.3],25.1,24.6 [23.6-25.5],24.6
Dominican Republic, Both sexes, 18+  years,26.7 [25.6-27.7],26.7,26.2 [25.4-27],26.2
Dominican Republic, Female, 18+  years,27.4 [25.8-29],27.4,26.9 [25.7-28.2],26.9
Dominican Republic, Male, 18+  years,26 [24.6-27.5],26,25.5 [24.3-26.7],25.5
Ecuador, Both sexes, 18+  years,27 [26.4-27.6],27,26.6 [26.1-27.1],26.6
Ecuador, Female, 18+  years,27.7 [26.7-28.6],27.7,27.3 [26.5-28.1],27.3
Ecuador, Male, 18+  years,26.4 [25.5-27.2],26.4,26 [25.2-26.8],26
Egypt, Both sexes, 18+  years,29.2 [28.6-29.7],29.2,28.7 [28.4-29.1],28.7
Egypt, Female, 18+  years,30.7 [30-31.5],30.7,30.2 [29.7-30.7],30.2
Egypt, Male, 18+  years,27.6 [26.9-28.3],27.6,27.3 [26.8-27.7],27.3
El Salvador, Both sexes, 18+  years,27.4 [26.4-28.4],27.4,27 [26.2-27.9],27
El Salvador, Female, 18+  years,28 [26.9-29],28,27.6 [26.8-28.3],27.6
El Salvador, Male, 18+  years,26.8 [25.1-28.4],26.8,26.4 [25-27.9],26.4
Equatorial Guinea, Both sexes, 18+  years,25.6 [23.4-27.9],25.6,25.1 [23.1-27.1],25.1
Equatorial Guinea, Female, 18+  years,26.1 [22.7-29.4],26.1,25.6 [22.4-28.8],25.6
Equatorial Guinea, Male, 18+  years,25 [22.5-27.7],25,24.7 [22.2-27.1],24.7
Eritrea, Both sexes, 18+  years,20.5 [19.9-21.1],20.5,20.5 [20-20.9],20.5
Eritrea, Female, 18+  years,21 [20.1-21.9],21,20.8 [20.1-21.4],20.8
Eritrea, Male, 18+  years,20.1 [19.2-20.9],20.1,20.2 [19.5-20.8],20.2
Estonia, Both sexes, 18+  years,25.5 [24.5-26.7],25.5,25.4 [24.5-26.3],25.4
Estonia, Female, 18+  years,24.3 [22.4-26],24.3,24.3 [22.8-25.8],24.3
Estonia, Male, 18+  years,27 [25.8-28.4],27,26.7 [25.7-27.7],26.7
Ethiopia, Both sexes, 18+  years,20.6 [20-21.2],20.6,20.3 [19.8-20.8],20.3
Ethiopia, Female, 18+  years,21 [20.1-21.9],21,20.7 [20-21.4],20.7
Ethiopia, Male, 18+  years,20.2 [19.3-21],20.2,20 [19.3-20.7],20
Fiji, Both sexes, 18+  years,27.2 [26.6-27.8],27.2,27.1 [26.6-27.6],27.1
Fiji, Female, 18+  years,28.4 [27.5-29.4],28.4,28.3 [27.6-29],28.3
Fiji, Male, 18+  years,26.1 [25.3-26.9],26.1,25.9 [25.3-26.5],25.9
Finland, Both sexes, 18+  years,25.9 [25.5-26.3],25.9,25.9 [25.6-26.2],25.9
Finland, Female, 18+  years,25.3 [24.7-25.9],25.3,25.4 [25-25.8],25.4
Finland, Male, 18+  years,26.5 [25.9-27.1],26.5,26.4 [26-26.8],26.4
France, Both sexes, 18+  years,25.3 [24.5-26],25.3,25.2 [24.6-25.7],25.2
France, Female, 18+  years,24.6 [23.5-25.7],24.6,24.5 [23.7-25.4],24.5
France, Male, 18+  years,26.1 [25.1-27.1],26.1,25.9 [25.2-26.6],25.9
Gabon, Both sexes, 18+  years,25.5 [24.5-26.3],25.5,25.1 [24.4-25.9],25.1
Gabon, Female, 18+  years,26.4 [25.4-27.3],26.4,25.9 [25.1-26.7],25.9
Gabon, Male, 18+  years,24.6 [23-26.1],24.6,24.3 [22.9-25.7],24.3
Gambia, Both sexes, 18+  years,24 [23.3-24.7],24,23.5 [23-24.1],23.5
Gambia, Female, 18+  years,25.1 [24.1-26.1],25.1,24.5 [23.7-25.3],24.5
Gambia, Male, 18+  years,23 [22-23.9],23,22.5 [21.8-23.2],22.5
Georgia, Both sexes, 18+  years,27.2 [26.5-27.9],27.2,26.8 [26.2-27.3],26.8
Georgia, Female, 18+  years,27.3 [26.2-28.3],27.3,26.8 [26-27.8],26.8
Georgia, Male, 18+  years,27.2 [26.2-28.1],27.2,26.7 [25.8-27.5],26.7
Germany, Both sexes, 18+  years,26.3 [25.7-26.8],26.3,26.1 [25.7-26.6],26.1
Germany, Female, 18+  years,25.6 [24.7-26.5],25.6,25.5 [24.9-26.2],25.5
Germany, Male, 18+  years,27 [26.2-27.8],27,26.8 [26.2-27.3],26.8
Ghana, Both sexes, 18+  years,24.2 [23.6-24.9],24.2,23.8 [23.4-24.3],23.8
Ghana, Female, 18+  years,25.1 [24.2-25.9],25.1,24.6 [24-25.2],24.6
Ghana, Male, 18+  years,23.4 [22.5-24.4],23.4,23.1 [22.4-23.8],23.1
Greece, Both sexes, 18+  years,27.3 [26.3-28.2],27.3,27.3 [26.5-28],27.3
Greece, Female, 18+  years,27.2 [25.7-28.7],27.2,27.2 [26-28.3],27.2
Greece, Male, 18+  years,27.4 [26.2-28.6],27.4,27.3 [26.4-28.3],27.3
Grenada, Both sexes, 18+  years,27 [26.2-27.7],27,26.4 [25.8-27.1],26.4
Grenada, Female, 18+  years,28.7 [27.6-29.8],28.7,28.1 [27.1-29.1],28.1
Grenada, Male, 18+  years,25.2 [24.3-26.2],25.2,24.8 [23.9-25.6],24.8
Guatemala, Both sexes, 18+  years,26.5 [25.6-27.4],26.5,26.1 [25.4-26.8],26.1
Guatemala, Female, 18+  years,27.1 [26.1-28.1],27.1,26.7 [26-27.4],26.7
Guatemala, Male, 18+  years,25.8 [24.4-27.3],25.8,25.6 [24.3-26.8],25.6
Guinea, Both sexes, 18+  years,22.7 [22-23.5],22.7,22.5 [21.8-23.2],22.5
Guinea, Female, 18+  years,23.3 [22.5-24.2],23.3,23 [22.3-23.7],23
Guinea, Male, 18+  years,22.1 [20.8-23.5],22.1,22 [20.7-23.2],22
Guinea-Bissau, Both sexes, 18+  years,23.1 [21.7-24.4],23.1,22.8 [21.7-24],22.8
Guinea-Bissau, Female, 18+  years,23.9 [22.7-25],23.9,23.5 [22.5-24.5],23.5
Guinea-Bissau, Male, 18+  years,22.2 [19.9-24.6],22.2,22 [19.9-24.3],22
Guyana, Both sexes, 18+  years,26.3 [25.6-27.1],26.3,25.8 [25.1-26.5],25.8
Guyana, Female, 18+  years,27.6 [26.4-28.8],27.6,27.1 [26-28.1],27.1
Guyana, Male, 18+  years,25 [24-26.1],25,24.6 [23.7-25.5],24.6
Haiti, Both sexes, 18+  years,24.1 [22.7-25.5],24.1,23.6 [22.4-25],23.6
Haiti, Female, 18+  years,24 [23-24.9],24,23.5 [22.7-24.3],23.5
Haiti, Male, 18+  years,24.2 [21.7-26.8],24.2,23.8 [21.5-26.3],23.8
Honduras, Both sexes, 18+  years,26.4 [25.5-27.3],26.4,26 [25.2-26.9],26
Honduras, Female, 18+  years,27.3 [26.5-28.1],27.3,26.9 [26.2-27.5],26.9
Honduras, Male, 18+  years,25.5 [23.9-27.1],25.5,25.2 [23.7-26.7],25.2
Hungary, Both sexes, 18+  years,26.3 [25.1-27.4],26.3,26.2 [25.2-27.3],26.2
Hungary, Female, 18+  years,25.2 [23.2-27.2],25.2,25.2 [23.6-26.9],25.2
Hungary, Male, 18+  years,27.5 [26.3-28.9],27.5,27.3 [26.2-28.4],27.3
Greenland, Both sexes, 18+  years,25.9 [24.7-27.1],25.9,25.9 [24.8-26.9],25.9
Greenland, Female, 18+  years,25.1 [23.2-27],25.1,25.1 [23.5-26.8],25.1
Greenland, Male, 18+  years,26.7 [25.2-28.4],26.7,26.6 [25.3-27.9],26.6
India, Both sexes, 18+  years,21.9 [21.5-22.4],21.9,21.6 [21.3-21.9],21.6
India, Female, 18+  years,22.1 [21.4-22.8],22.1,21.7 [21.3-22.1],21.7
India, Male, 18+  years,21.8 [21.1-22.4],21.8,21.5 [21.1-21.9],21.5
Indonesia, Both sexes, 18+  years,22.9 [22.3-23.6],22.9,22.5 [22-22.9],22.5
Indonesia, Female, 18+  years,23.4 [22.4-24.4],23.4,23 [22.3-23.7],23
Indonesia, Male, 18+  years,22.4 [21.5-23.4],22.4,21.9 [21.3-22.6],21.9
Iran (Islamic Republic of), Both sexes, 18+  years,26.2 [25.8-26.7],26.2,25.9 [25.7-26.2],25.9
Iran (Islamic Republic of), Female, 18+  years,27.2 [26.5-27.9],27.2,26.8 [26.4-27.2],26.8
Iran (Islamic Republic of), Male, 18+  years,25.3 [24.7-25.9],25.3,25 [24.7-25.4],25
Iraq, Both sexes, 18+  years,28 [27.2-28.8],28,27.5 [26.8-28.2],27.5
Iraq, Female, 18+  years,28.8 [27.6-30.1],28.8,28.4 [27.4-29.4],28.4
Iraq, Male, 18+  years,27.2 [26.1-28.3],27.2,26.7 [25.8-27.6],26.7
Ireland, Both sexes, 18+  years,27.5 [26.9-28.1],27.5,27.2 [26.9-27.6],27.2
Ireland, Female, 18+  years,27.1 [26.3-27.8],27.1,26.8 [26.2-27.3],26.8
Ireland, Male, 18+  years,27.9 [27.2-28.6],27.9,27.7 [27.2-28.2],27.7
Israel, Both sexes, 18+  years,26.3 [25.5-27.1],26.3,26.1 [25.5-26.6],26.1
Israel, Female, 18+  years,26.2 [25.1-27.4],26.2,26.1 [25.3-26.9],26.1
Israel, Male, 18+  years,26.3 [25.2-27.3],26.3,26 [25.3-26.7],26
Italy, Both sexes, 18+  years,26 [25.5-26.5],26,25.9 [25.5-26.2],25.9
Italy, Female, 18+  years,25.2 [24.5-26],25.2,25.2 [24.7-25.7],25.2
Italy, Male, 18+  years,26.8 [26.1-27.5],26.8,26.6 [26.2-27.1],26.6
Jamaica, Both sexes, 18+  years,27.4 [26.6-28.2],27.4,26.9 [26.3-27.4],26.9
Jamaica, Female, 18+  years,29.2 [28.2-30.3],29.2,28.6 [27.8-29.4],28.6
Jamaica, Male, 18+  years,25.5 [24.5-26.6],25.5,25.1 [24.3-25.8],25.1
Japan, Both sexes, 18+  years,22.6 [22.2-23],22.6,22.6 [22.4-22.9],22.6
Japan, Female, 18+  years,21.7 [21.1-22.3],21.7,21.8 [21.5-22.2],21.8
Japan, Male, 18+  years,23.6 [23-24.2],23.6,23.5 [23.1-23.8],23.5
Jordan, Both sexes, 18+  years,28.9 [28.4-29.5],28.9,28.6 [28.2-29],28.6
Jordan, Female, 18+  years,29.7 [29-30.4],29.7,29.5 [29-29.9],29.5
Jordan, Male, 18+  years,28.2 [27.3-29.1],28.2,27.8 [27.1-28.4],27.8
Kazakhstan, Both sexes, 18+  years,27.4 [26.2-28.7],27.4,27 [25.9-28.1],27
Kazakhstan, Female, 18+  years,27.5 [25.7-29.2],27.5,27.1 [25.7-28.5],27.1
Kazakhstan, Male, 18+  years,27.4 [25.4-29.4],27.4,26.8 [25.1-28.6],26.8
Kenya, Both sexes, 18+  years,23 [21.9-24.1],23,22.6 [21.7-23.5],22.6
Kenya, Female, 18+  years,24 [23-25.1],24,23.6 [22.8-24.4],23.6
Kenya, Male, 18+  years,21.9 [20-23.8],21.9,21.7 [20-23.4],21.7
Kiribati, Both sexes, 18+  years,29.6 [28.6-30.4],29.6,29.4 [28.7-30.1],29.4
Kiribati, Female, 18+  years,30.5 [29.1-31.8],30.5,30.3 [29.2-31.4],30.3
Kiribati, Male, 18+  years,28.7 [27.5-29.8],28.7,28.6 [27.6-29.5],28.6
Kuwait, Both sexes, 18+  years,30 [29.2-30.8],30,29.5 [28.9-30.2],29.5
Kuwait, Female, 18+  years,30.8 [29.7-32.1],30.8,30.4 [29.5-31.4],30.4
Kuwait, Male, 18+  years,29.5 [28.4-30.6],29.5,29 [28.1-29.8],29
Kyrgyzstan, Both sexes, 18+  years,26.2 [25.7-26.8],26.2,25.8 [25.3-26.2],25.8
Kyrgyzstan, Female, 18+  years,26.8 [26.1-27.5],26.8,26.4 [25.7-27],26.4
Kyrgyzstan, Male, 18+  years,25.6 [24.8-26.4],25.6,25.2 [24.5-25.9],25.2
Lao People's Democratic Republic, Both sexes, 18+  years,22.6 [22-23.1],22.6,22.1 [21.6-22.6],22.1
Lao People's Democratic Republic, Female, 18+  years,22.7 [22-23.5],22.7,22.3 [21.7-23],22.3
Lao People's Democratic Republic, Male, 18+  years,22.4 [21.6-23.2],22.4,21.9 [21.1-22.7],21.9
Latvia, Both sexes, 18+  years,25.8 [24.7-27.1],25.8,25.7 [24.6-26.7],25.7
Latvia, Female, 18+  years,25.1 [23.2-26.9],25.1,25.1 [23.6-26.6],25.1
Latvia, Male, 18+  years,26.8 [25.2-28.3],26.8,26.4 [25.2-27.7],26.4
Lebanon, Both sexes, 18+  years,27.8 [27.1-28.5],27.8,27.3 [26.8-27.8],27.3
Lebanon, Female, 18+  years,27.6 [26.5-28.6],27.6,27.1 [26.3-27.9],27.1
Lebanon, Male, 18+  years,28 [27-28.9],28,27.4 [26.7-28.1],27.4
Lesotho, Both sexes, 18+  years,24.9 [24.3-25.4],24.9,24.6 [24.2-25.1],24.6
Lesotho, Female, 18+  years,27.1 [26.2-27.9],27.1,26.8 [26.1-27.4],26.8
Lesotho, Male, 18+  years,22.7 [22-23.4],22.7,22.4 [21.8-23],22.4
Liberia, Both sexes, 18+  years,24 [23.5-24.6],24,23.7 [23.2-24.2],23.7
Liberia, Female, 18+  years,24.9 [24.2-25.6],24.9,24.3 [23.7-25],24.3
Liberia, Male, 18+  years,23.2 [22.5-23.9],23.2,23.1 [22.4-23.7],23.1
Libya, Both sexes, 18+  years,28.4 [27.7-29.1],28.4,28 [27.4-28.5],28
Libya, Female, 18+  years,29.6 [28.5-30.7],29.6,29.2 [28.3-30.1],29.2
Libya, Male, 18+  years,27.2 [26.2-28.2],27.2,26.8 [26-27.6],26.8
Lithuania, Both sexes, 18+  years,26.6 [25.5-27.7],26.6,26.4 [25.6-27.2],26.4
Lithuania, Female, 18+  years,26 [24.3-27.5],26,26 [24.7-27.2],26
Lithuania, Male, 18+  years,27.3 [25.9-28.6],27.3,27 [25.9-28],27
Luxembourg, Both sexes, 18+  years,26.5 [25.8-27.3],26.5,26.4 [25.8-27],26.4
Luxembourg, Female, 18+  years,25.5 [24.3-26.6],25.5,25.4 [24.4-26.3],25.4
Luxembourg, Male, 18+  years,27.6 [26.6-28.6],27.6,27.3 [26.5-28.1],27.3
Madagascar, Both sexes, 18+  years,21.1 [20.2-22],21.1,20.9 [20.2-21.6],20.9
Madagascar, Female, 18+  years,21.2 [20.2-22.1],21.2,21 [20.2-21.7],21
Madagascar, Male, 18+  years,20.9 [19.5-22.4],20.9,20.9 [19.7-22.1],20.9
Malawi, Both sexes, 18+  years,22.8 [22.2-23.4],22.8,22.5 [22-22.9],22.5
Malawi, Female, 18+  years,23.3 [22.5-24.1],23.3,22.9 [22.3-23.4],22.9
Malawi, Male, 18+  years,22.3 [21.4-23.2],22.3,22 [21.3-22.8],22
Malaysia, Both sexes, 18+  years,25.3 [24.8-25.9],25.3,25 [24.6-25.4],25
Malaysia, Female, 18+  years,25.6 [24.9-26.4],25.6,25.3 [24.8-25.8],25.3
Malaysia, Male, 18+  years,25 [24.3-25.8],25,24.6 [24.1-25.1],24.6
Maldives, Both sexes, 18+  years,25.1 [24.4-25.7],25.1,24.8 [24.2-25.3],24.8
Maldives, Female, 18+  years,25.9 [25.1-26.8],25.9,25.7 [25-26.3],25.7
Maldives, Male, 18+  years,24.2 [23.3-25.2],24.2,23.9 [23-24.7],23.9
Mali, Both sexes, 18+  years,22.8 [22-23.5],22.8,22.4 [21.8-23.1],22.4
Mali, Female, 18+  years,23 [22.2-23.8],23,22.6 [21.9-23.3],22.6
Mali, Male, 18+  years,22.6 [21.2-24],22.6,22.3 [21.1-23.4],22.3
Malta, Both sexes, 18+  years,27.2 [25.7-28.5],27.2,27.1 [25.8-28.3],27.1
Malta, Female, 18+  years,26.8 [24.5-29.1],26.8,26.8 [24.8-28.8],26.8
Malta, Male, 18+  years,27.5 [25.7-29.3],27.5,27.3 [25.7-28.9],27.3
Marshall Islands, Both sexes, 18+  years,29.2 [28.2-30.2],29.2,29.1 [28.4-29.9],29.1
Marshall Islands, Female, 18+  years,30 [28.6-31.5],30,30 [28.8-31.2],30
Marshall Islands, Male, 18+  years,28.4 [27.1-29.7],28.4,28.3 [27.2-29.4],28.3
Mauritania, Both sexes, 18+  years,24.8 [23.7-26],24.8,24.5 [23.5-25.4],24.5
Mauritania, Female, 18+  years,26.4 [25-27.8],26.4,26 [24.9-27.2],26
Mauritania, Male, 18+  years,23.2 [21.6-24.8],23.2,23 [21.5-24.4],23
Mauritius, Both sexes, 18+  years,25.6 [24.9-26.3],25.6,25.3 [24.7-25.8],25.3
Mauritius, Female, 18+  years,26.2 [25.2-27.3],26.2,25.9 [25.1-26.7],25.9
Mauritius, Male, 18+  years,25 [24-25.9],25,24.7 [24-25.3],24.7
Mexico, Both sexes, 18+  years,28.1 [27.7-28.5],28.1,27.8 [27.5-28],27.8
Mexico, Female, 18+  years,28.7 [28.1-29.3],28.7,28.3 [27.9-28.7],28.3
Mexico, Male, 18+  years,27.5 [26.9-28.1],27.5,27.2 [26.8-27.6],27.2
Micronesia (Federated States of), Both sexes, 18+  years,29.4 [28.7-30],29.4,29.2 [28.6-29.7],29.2
Micronesia (Federated States of), Female, 18+  years,31 [30-32],31,30.8 [30-31.6],30.8
Micronesia (Federated States of), Male, 18+  years,27.8 [26.9-28.7],27.8,27.6 [26.9-28.4],27.6
Monaco, Both sexes, 18+  years,No data,No d,No data,No d
Monaco, Female, 18+  years,No data,No d,No data,No d
Monaco, Male, 18+  years,No data,No d,No data,No d
Mongolia, Both sexes, 18+  years,26 [25.4-26.4],26,25.4 [25-25.8],25.4
Mongolia, Female, 18+  years,26.4 [25.6-27.1],26.4,25.8 [25.3-26.4],25.8
Mongolia, Male, 18+  years,25.5 [24.9-26.2],25.5,24.9 [24.5-25.4],24.9
Montenegro, Both sexes, 18+  years,26 [23.9-27.9],26,25.9 [24-27.7],25.9
Montenegro, Female, 18+  years,25.5 [22.3-28.6],25.5,25.5 [22.5-28.4],25.5
Montenegro, Male, 18+  years,26.5 [24.1-29],26.5,26.2 [23.9-28.6],26.2
Morocco, Both sexes, 18+  years,25.6 [24.7-26.4],25.6,25.2 [24.6-25.9],25.2
Morocco, Female, 18+  years,25.9 [24.8-26.9],25.9,25.6 [24.8-26.4],25.6
Morocco, Male, 18+  years,25.2 [23.9-26.6],25.2,24.8 [23.8-25.9],24.8
Mozambique, Both sexes, 18+  years,22.3 [21.6-23.1],22.3,22.1 [21.5-22.7],22.1
Mozambique, Female, 18+  years,23 [22.1-23.9],23,22.7 [22-23.4],22.7
Mozambique, Male, 18+  years,21.6 [20.4-22.8],21.6,21.4 [20.5-22.4],21.4
Myanmar, Both sexes, 18+  years,22.6 [21.9-23.4],22.6,22.3 [21.7-22.8],22.3
Myanmar, Female, 18+  years,23.2 [22.1-24.2],23.2,22.8 [21.9-23.7],22.8
Myanmar, Male, 18+  years,22.1 [21.1-23.1],22.1,21.7 [20.9-22.5],21.7
Namibia, Both sexes, 18+  years,24.3 [23.5-25.1],24.3,23.9 [23.3-24.6],23.9
Namibia, Female, 18+  years,25.6 [24.5-26.7],25.6,25.3 [24.4-26.1],25.3
Namibia, Male, 18+  years,22.9 [21.6-24.1],22.9,22.5 [21.5-23.5],22.5
Nauru, Both sexes, 18+  years,32.5 [31.6-33.3],32.5,32.6 [32-33.2],32.6
Nauru, Female, 18+  years,32.8 [31.6-34.1],32.8,33 [32-34],33
Nauru, Male, 18+  years,32.1 [30.9-33.2],32.1,32.2 [31.4-33.1],32.2
Nepal, Both sexes, 18+  years,22.2 [21.7-22.8],22.2,21.7 [21.3-22.2],21.7
Nepal, Female, 18+  years,22 [21.4-22.7],22,21.4 [20.9-22],21.4
Nepal, Male, 18+  years,22.4 [21.6-23.2],22.4,22 [21.3-22.8],22
Netherlands, Both sexes, 18+  years,25.4 [24.7-26.1],25.4,25.3 [24.8-25.8],25.3
Netherlands, Female, 18+  years,25 [23.9-26],25,24.9 [24.1-25.7],24.9
Netherlands, Male, 18+  years,25.9 [24.9-26.8],25.9,25.7 [25-26.3],25.7
New Zealand, Both sexes, 18+  years,27.9 [27.5-28.2],27.9,27.6 [27.3-27.9],27.6
New Zealand, Female, 18+  years,27.8 [27.2-28.3],27.8,27.5 [27.1-27.9],27.5
New Zealand, Male, 18+  years,28 [27.4-28.5],28,27.7 [27.3-28.1],27.7
Nicaragua, Both sexes, 18+  years,26.9 [25.9-27.8],26.9,26.6 [25.7-27.4],26.6
Nicaragua, Female, 18+  years,27.8 [26.7-28.9],27.8,27.4 [26.6-28.2],27.4
Nicaragua, Male, 18+  years,26 [24.3-27.7],26,25.7 [24.3-27.2],25.7
Niger, Both sexes, 18+  years,21.7 [21.1-22.4],21.7,21.5 [20.9-22],21.5
Niger, Female, 18+  years,22.2 [21.4-23],22.2,21.9 [21.3-22.5],21.9
Niger, Male, 18+  years,21.3 [20.2-22.3],21.3,21.1 [20.2-21.9],21.1
Nigeria, Both sexes, 18+  years,23.4 [22.7-24],23.4,23.1 [22.6-23.5],23.1
Nigeria, Female, 18+  years,24 [23.3-24.7],24,23.7 [23.2-24.2],23.7
Nigeria, Male, 18+  years,22.8 [21.8-23.7],22.8,22.4 [21.7-23.2],22.4
Niue, Both sexes, 18+  years,32.3 [31.6-32.9],32.3,32 [31.4-32.5],32
Niue, Female, 18+  years,33.1 [32.2-34.1],33.1,32.9 [32-33.7],32.9
Niue, Male, 18+  years,31.4 [30.6-32.2],31.4,31.1 [30.4-31.9],31.1
Norway, Both sexes, 18+  years,26 [25.2-26.8],26,25.9 [25.3-26.5],25.9
Norway, Female, 18+  years,25.2 [23.9-26.4],25.2,25.1 [24.2-26.1],25.1
Norway, Male, 18+  years,26.9 [25.8-28],26.9,26.6 [25.8-27.5],26.6
Oman, Both sexes, 18+  years,26.9 [26-27.8],26.9,26.5 [25.8-27.2],26.5
Oman, Female, 18+  years,27.1 [25.7-28.6],27.1,26.8 [25.6-27.9],26.8
Oman, Male, 18+  years,26.8 [25.6-28],26.8,26.3 [25.3-27.3],26.3
Pakistan, Both sexes, 18+  years,23.8 [23.1-24.5],23.8,23.4 [22.9-23.9],23.4
Pakistan, Female, 18+  years,24.4 [23.7-25.1],24.4,24 [23.4-24.5],24
Pakistan, Male, 18+  years,23.3 [22.2-24.5],23.3,23 [22.2-23.8],23
Palau, Both sexes, 18+  years,29.4 [28.7-30.2],29.4,29.4 [28.6-30],29.4
Palau, Female, 18+  years,29.5 [28.5-30.6],29.5,29.5 [28.4-30.5],29.5
Palau, Male, 18+  years,29.4 [28.4-30.3],29.4,29.2 [28.3-30.2],29.2
Panama, Both sexes, 18+  years,27.1 [26.1-28],27.1,26.6 [25.8-27.4],26.6
Panama, Female, 18+  years,27.7 [26.2-29.1],27.7,27.2 [26-28.4],27.2
Panama, Male, 18+  years,26.4 [25.1-27.7],26.4,26 [24.9-27],26
Papua New Guinea, Both sexes, 18+  years,25.3 [24.5-26.1],25.3,25 [24.3-25.7],25
Papua New Guinea, Female, 18+  years,25.6 [24.4-26.9],25.6,25.3 [24.2-26.3],25.3
Papua New Guinea, Male, 18+  years,25 [23.9-26.1],25,24.8 [23.9-25.6],24.8
Paraguay, Both sexes, 18+  years,25.8 [23.8-27.8],25.8,25.4 [23.6-27.2],25.4
Paraguay, Female, 18+  years,26 [22.9-29.1],26,25.6 [22.6-28.6],25.6
Paraguay, Male, 18+  years,25.6 [23.1-28],25.6,25.3 [22.9-27.6],25.3
Peru, Both sexes, 18+  years,26.3 [25.8-26.9],26.3,25.9 [25.5-26.3],25.9
Peru, Female, 18+  years,26.9 [26.4-27.5],26.9,26.6 [26.2-26.9],26.6
Peru, Male, 18+  years,25.7 [24.8-26.7],25.7,25.2 [24.6-25.9],25.2
Philippines, Both sexes, 18+  years,23.2 [22.4-23.9],23.2,22.9 [22.3-23.4],22.9
Philippines, Female, 18+  years,23.4 [22.2-24.5],23.4,23.1 [22.3-23.9],23.1
Philippines, Male, 18+  years,22.9 [22-24],22.9,22.6 [21.9-23.4],22.6
Poland, Both sexes, 18+  years,26.4 [25.6-27.2],26.4,26.1 [25.6-26.7],26.1
Poland, Female, 18+  years,25.7 [24.6-26.9],25.7,25.7 [24.8-26.5],25.7
Poland, Male, 18+  years,27 [26.1-28],27,26.7 [26-27.3],26.7
Portugal, Both sexes, 18+  years,26.2 [25.4-27],26.2,26.1 [25.4-26.8],26.1
Portugal, Female, 18+  years,25.7 [24.5-26.9],25.7,25.7 [24.7-26.6],25.7
Portugal, Male, 18+  years,26.7 [25.7-27.8],26.7,26.5 [25.7-27.4],26.5
Qatar, Both sexes, 18+  years,29.2 [28.7-29.9],29.2,28.6 [28.1-29.2],28.6
Qatar, Female, 18+  years,30.1 [29.3-31],30.1,29.6 [28.9-30.3],29.6
Qatar, Male, 18+  years,29 [28.2-29.7],29,28.3 [27.7-28.9],28.3
Republic of Korea, Both sexes, 18+  years,23.9 [23.4-24.3],23.9,23.6 [23.3-23.8],23.6
Republic of Korea, Female, 18+  years,23.4 [22.7-24.1],23.4,23.1 [22.8-23.5],23.1
Republic of Korea, Male, 18+  years,24.3 [23.7-24.9],24.3,24 [23.6-24.4],24
Republic of Moldova, Both sexes, 18+  years,26.7 [26.1-27.3],26.7,26.5 [26-27],26.5
Republic of Moldova, Female, 18+  years,27.1 [26.2-27.9],27.1,27 [26.2-27.6],27
Republic of Moldova, Male, 18+  years,26.3 [25.5-27.2],26.3,26 [25.2-26.9],26
Romania, Both sexes, 18+  years,25.3 [24.2-26.5],25.3,25.2 [24.3-26.1],25.2
Romania, Female, 18+  years,24.9 [23.2-26.6],24.9,24.9 [23.5-26.3],24.9
Romania, Male, 18+  years,25.7 [24.3-27.1],25.7,25.4 [24.3-26.5],25.4
Russia, Both sexes, 18+  years,26.5 [25.8-27.1],26.5,26.2 [25.8-26.7],26.2
Russia, Female, 18+  years,26.8 [25.9-27.8],26.8,26.7 [26.1-27.3],26.7
Russia, Male, 18+  years,26.1 [25.2-27.1],26.1,25.7 [25.1-26.3],25.7
Rwanda, Both sexes, 18+  years,22 [21.5-22.5],22,21.7 [21.3-22.1],21.7
Rwanda, Female, 18+  years,22.7 [21.9-23.4],22.7,22.3 [21.7-22.9],22.3
Rwanda, Male, 18+  years,21.3 [20.6-22],21.3,21.1 [20.5-21.6],21.1
Saint Kitts and Nevis, Both sexes, 18+  years,29.7 [28.5-30.7],29.7,29.2 [28.2-30.1],29.2
Saint Kitts and Nevis, Female, 18+  years,30.9 [29.3-32.5],30.9,30.3 [28.9-31.7],30.3
Saint Kitts and Nevis, Male, 18+  years,28.4 [26.9-30],28.4,28 [26.6-29.3],28
Saint Lucia, Both sexes, 18+  years,29.6 [28.8-30.3],29.6,28.8 [28.2-29.4],28.8
Saint Lucia, Female, 18+  years,30.2 [29.1-31.3],30.2,29.4 [28.5-30.4],29.4
Saint Lucia, Male, 18+  years,28.9 [28-29.9],28.9,28.1 [27.3-29],28.1
Saint Vincent and the Grenadines, Both sexes, 18+  years,27.3 [25.5-29.2],27.3,26.8 [24.9-28.7],26.8
Saint Vincent and the Grenadines, Female, 18+  years,28.1 [25.1-31.1],28.1,27.6 [24.7-30.5],27.6
Saint Vincent and the Grenadines, Male, 18+  years,26.5 [24-28.9],26.5,25.9 [23.6-28.2],25.9
Samoa, Both sexes, 18+  years,31.7 [31.1-32.3],31.7,31.4 [30.9-31.9],31.4
Samoa, Female, 18+  years,33.5 [32.6-34.4],33.5,33.1 [32.4-33.9],33.1
Samoa, Male, 18+  years,29.9 [29.2-30.7],29.9,29.7 [29.1-30.3],29.7
San Marino, Both sexes, 18+  years,No data,0,0,0
San Marino, Female, 18+  years,No data,0,0,0
San Marino, Male, 18+  years,No data,0,0,0
Sao Tome and Principe, Both sexes, 18+  years,24.8 [24.1-25.4],24.8,24.4 [23.9-24.9],24.4
Sao Tome and Principe, Female, 18+  years,25.6 [24.7-26.5],25.6,25.2 [24.4-26],25.2
Sao Tome and Principe, Male, 18+  years,23.9 [23.1-24.8],23.9,23.6 [23-24.3],23.6
Saudi Arabia, Both sexes, 18+  years,28.5 [27.7-29.2],28.5,28.1 [27.5-28.6],28.1
Saudi Arabia, Female, 18+  years,28.7 [27.6-29.9],28.7,28.4 [27.6-29.3],28.4
Saudi Arabia, Male, 18+  years,28.3 [27.3-29.3],28.3,27.8 [27.1-28.6],27.8
Senegal, Both sexes, 18+  years,23 [22.3-23.6],23,22.7 [22.2-23.2],22.7
Senegal, Female, 18+  years,24.1 [23.1-25],24.1,23.8 [23.1-24.5],23.8
Senegal, Male, 18+  years,21.8 [21-22.7],21.8,21.6 [20.9-22.4],21.6
Republic of Serbia, Both sexes, 18+  years,25.8 [25.1-26.5],25.8,25.7 [25.2-26.2],25.7
Republic of Serbia, Female, 18+  years,25.2 [24-26.5],25.2,25.2 [24.3-26.1],25.2
Republic of Serbia, Male, 18+  years,26.4 [25.7-27.1],26.4,26.2 [25.7-26.8],26.2
Seychelles, Both sexes, 18+  years,26.8 [26.2-27.4],26.8,26.4 [26-26.9],26.4
Seychelles, Female, 18+  years,28 [27.2-28.8],28,27.7 [27-28.4],27.7
Seychelles, Male, 18+  years,25.6 [24.9-26.4],25.6,25.2 [24.6-25.8],25.2
Sierra Leone, Both sexes, 18+  years,22.8 [22.3-23.3],22.8,22.5 [22.1-23],22.5
Sierra Leone, Female, 18+  years,23.6 [22.9-24.4],23.6,23.3 [22.7-23.9],23.3
Sierra Leone, Male, 18+  years,22 [21.3-22.6],22,21.8 [21.2-22.4],21.8
Singapore, Both sexes, 18+  years,23.7 [23.3-24.2],23.7,23.6 [23.3-23.9],23.6
Singapore, Female, 18+  years,23.2 [22.5-23.9],23.2,23.1 [22.6-23.6],23.1
Singapore, Male, 18+  years,24.3 [23.7-24.9],24.3,24.1 [23.6-24.5],24.1
Slovakia, Both sexes, 18+  years,26.5 [25.8-27.2],26.5,26.3 [25.7-26.9],26.3
Slovakia, Female, 18+  years,25.7 [24.7-26.7],25.7,25.6 [24.7-26.5],25.6
Slovakia, Male, 18+  years,27.4 [26.5-28.3],27.4,27 [26.2-27.9],27
Slovenia, Both sexes, 18+  years,26.9 [24.8-28.9],26.9,26.7 [24.8-28.6],26.7
Slovenia, Female, 18+  years,26.3 [23.3-29.5],26.3,26.2 [23.4-29.2],26.2
Slovenia, Male, 18+  years,27.5 [25-29.8],27.5,27.2 [24.8-29.4],27.2
Solomon Islands, Both sexes, 18+  years,25.5 [24.7-26.2],25.5,25.4 [24.7-26.1],25.4
Solomon Islands, Female, 18+  years,26.4 [25.3-27.5],26.4,26.3 [25.3-27.2],26.3
Solomon Islands, Male, 18+  years,24.5 [23.4-25.5],24.5,24.5 [23.6-25.4],24.5
Somalia, Both sexes, 18+  years,21.9 [19.8-23.9],21.9,21.7 [19.8-23.8],21.7
Somalia, Female, 18+  years,22.5 [19.4-25.6],22.5,22.3 [19.3-25.2],22.3
Somalia, Male, 18+  years,21.2 [18.8-23.8],21.2,21.2 [18.9-23.6],21.2
South Africa, Both sexes, 18+  years,27.3 [26.9-27.7],27.3,26.9 [26.7-27.2],26.9
South Africa, Female, 18+  years,29.1 [28.5-29.8],29.1,28.7 [28.3-29.1],28.7
South Africa, Male, 18+  years,25.4 [24.7-25.9],25.4,25 [24.6-25.4],25
South Sudan, Both sexes, 18+  years,25.2 [24.4-26.1],25.2,24.9 [24.2-25.6],24.9
South Sudan, Female, 18+  years,26.7 [25.5-28],26.7,26.3 [25.3-27.4],26.3
South Sudan, Male, 18+  years,23.7 [22.5-24.8],23.7,23.4 [22.5-24.3],23.4
Spain, Both sexes, 18+  years,26.7 [26.1-27.4],26.7,26.6 [26.2-27],26.6
Spain, Female, 18+  years,26 [25.1-26.9],26,26 [25.4-26.6],26
Spain, Male, 18+  years,27.4 [26.6-28.2],27.4,27.2 [26.7-27.7],27.2
Sri Lanka, Both sexes, 18+  years,23 [22.2-23.8],23,22.5 [22-23.1],22.5
Sri Lanka, Female, 18+  years,23.5 [22.4-24.7],23.5,23 [22.2-23.9],23
Sri Lanka, Male, 18+  years,22.5 [21.5-23.6],22.5,22 [21.3-22.8],22
Sudan, Both sexes, 18+  years,25.2 [24.4-26.1],25.2,24.9 [24.2-25.6],24.9
Sudan, Female, 18+  years,26.7 [25.5-28],26.7,26.3 [25.3-27.4],26.3
Sudan, Male, 18+  years,23.7 [22.5-24.8],23.7,23.4 [22.5-24.3],23.4
Suriname, Both sexes, 18+  years,27.4 [25.5-29.2],27.4,26.8 [25-28.7],26.8
Suriname, Female, 18+  years,28.2 [25.1-31.2],28.2,27.7 [24.8-30.6],27.7
Suriname, Male, 18+  years,26.5 [24.1-29],26.5,26 [23.7-28.3],26
Swaziland, Both sexes, 18+  years,26.5 [25.7-27.4],26.5,26.2 [25.4-26.9],26.2
Swaziland, Female, 18+  years,28.9 [27.6-30.2],28.9,28.4 [27.4-29.5],28.4
Swaziland, Male, 18+  years,24.1 [23-25.3],24.1,23.8 [22.9-24.7],23.8
Sweden, Both sexes, 18+  years,25.8 [25-26.6],25.8,25.6 [25.1-26.1],25.6
Sweden, Female, 18+  years,24.9 [23.7-26],24.9,24.8 [24-25.7],24.8
Sweden, Male, 18+  years,26.7 [25.5-27.7],26.7,26.4 [25.7-27.1],26.4
Switzerland, Both sexes, 18+  years,25.3 [24.5-26],25.3,25.1 [24.5-25.8],25.1
Switzerland, Female, 18+  years,23.8 [22.5-25.2],23.8,23.9 [22.7-25],23.9
Switzerland, Male, 18+  years,26.7 [25.9-27.5],26.7,26.4 [25.8-27.1],26.4
Syrian Arab Republic, Both sexes, 18+  years,28.1 [27.2-29],28.1,27.7 [27-28.5],27.7
Syrian Arab Republic, Female, 18+  years,29 [27.6-30.4],29,28.6 [27.5-29.8],28.6
Syrian Arab Republic, Male, 18+  years,27.2 [26-28.5],27.2,26.8 [25.8-27.9],26.8
Tajikistan, Both sexes, 18+  years,25.4 [24.1-26.6],25.4,24.9 [23.7-26.2],24.9
Tajikistan, Female, 18+  years,25.3 [24.3-26.4],25.3,24.8 [23.9-25.8],24.8
Tajikistan, Male, 18+  years,25.5 [23-28],25.5,25.1 [22.7-27.4],25.1
Thailand, Both sexes, 18+  years,24.1 [23.4-24.7],24.1,23.8 [23.3-24.2],23.8
Thailand, Female, 18+  years,24.6 [23.7-25.5],24.6,24.4 [23.7-25],24.4
Thailand, Male, 18+  years,23.6 [22.7-24.4],23.6,23.2 [22.6-23.8],23.2
The former Yugoslav republic of Macedonia, Both sexes, 18+  years,25.8 [24.2-27.3],25.8,25.7 [24.4-27.1],25.7
The former Yugoslav republic of Macedonia, Female, 18+  years,25.3 [23.5-27.1],25.3,25.2 [23.7-26.7],25.2
The former Yugoslav republic of Macedonia, Male, 18+  years,26.4 [23.9-28.8],26.4,26.1 [23.8-28.4],26.1
Timor-Leste, Both sexes, 18+  years,21.2 [19.7-22.6],21.2,20.9 [19.6-22.2],20.9
Timor-Leste, Female, 18+  years,21 [19.9-22.1],21,20.7 [19.7-21.7],20.7
Timor-Leste, Male, 18+  years,21.5 [19-24],21.5,21.1 [18.7-23.5],21.1
Togo, Both sexes, 18+  years,23.2 [22.5-23.9],23.2,22.9 [22.3-23.5],22.9
Togo, Female, 18+  years,24 [23-25.1],24,23.6 [22.8-24.4],23.6
Togo, Male, 18+  years,22.4 [21.5-23.4],22.4,22.2 [21.4-23.1],22.2
Tonga, Both sexes, 18+  years,31.9 [31.3-32.6],31.9,31.8 [31.3-32.3],31.8
Tonga, Female, 18+  years,33.5 [32.6-34.4],33.5,33.3 [32.5-34],33.3
Tonga, Male, 18+  years,30.4 [29.6-31.3],30.4,30.3 [29.6-30.9],30.3
Trinidad and Tobago, Both sexes, 18+  years,28.7 [27.4-29.9],28.7,28 [26.9-29],28
Trinidad and Tobago, Female, 18+  years,29.4 [27.6-31.3],29.4,28.8 [27.3-30.2],28.8
Trinidad and Tobago, Male, 18+  years,27.9 [26.3-29.5],27.9,27.2 [25.9-28.4],27.2
Tunisia, Both sexes, 18+  years,26.8 [25.9-27.7],26.8,26.3 [25.6-27],26.3
Tunisia, Female, 18+  years,27.5 [26.2-28.9],27.5,27.1 [26-28.2],27.1
Tunisia, Male, 18+  years,26 [24.9-27.3],26,25.5 [24.6-26.5],25.5
Turkey, Both sexes, 18+  years,27.8 [27.4-28.3],27.8,27.5 [27.1-27.8],27.5
Turkey, Female, 18+  years,28.5 [27.9-29.2],28.5,28.2 [27.8-28.7],28.2
Turkey, Male, 18+  years,27.1 [26.5-27.8],27.1,26.7 [26.2-27.1],26.7
Turkmenistan, Both sexes, 18+  years,26.4 [25.8-27],26.4,25.8 [25.2-26.4],25.8
Turkmenistan, Female, 18+  years,26.4 [25.5-27.2],26.4,25.8 [25.1-26.6],25.8
Turkmenistan, Male, 18+  years,26.4 [25.5-27.2],26.4,25.8 [25-26.6],25.8
Tuvalu, Both sexes, 18+  years,29.3 [27.4-31.1],29.3,29.1 [27.1-30.9],29.1
Tuvalu, Female, 18+  years,29.9 [26.9-32.9],29.9,29.7 [26.8-32.6],29.7
Tuvalu, Male, 18+  years,28.7 [26.3-31.1],28.7,28.5 [26.2-30.8],28.5
Uganda, Both sexes, 18+  years,22 [21.4-22.6],22,21.7 [21.2-22.2],21.7
Uganda, Female, 18+  years,23 [22-24],23,22.6 [21.8-23.3],22.6
Uganda, Male, 18+  years,21 [20.2-21.8],21,20.8 [20.2-21.5],20.8
Ukraine, Both sexes, 18+  years,26 [24.5-27.5],26,25.9 [24.5-27.2],25.9
Ukraine, Female, 18+  years,25.8 [24-27.5],25.8,25.8 [24.2-27.3],25.8
Ukraine, Male, 18+  years,26.4 [23.9-28.9],26.4,26.1 [23.7-28.5],26.1
United Arab Emirates, Both sexes, 18+  years,29 [27.9-30],29,28.6 [27.8-29.4],28.6
United Arab Emirates, Female, 18+  years,29.7 [28.3-31.3],29.7,29.5 [28.3-30.7],29.5
United Arab Emirates, Male, 18+  years,28.6 [27.3-30],28.6,28.2 [27.1-29.3],28.2
United Kingdom, Both sexes, 18+  years,27.3 [27-27.6],27.3,27 [26.9-27.2],27
United Kingdom, Female, 18+  years,27.1 [26.7-27.6],27.1,26.9 [26.6-27.1],26.9
United Kingdom, Male, 18+  years,27.5 [27-27.9],27.5,27.2 [27-27.5],27.2
United Republic of Tanzania, Both sexes, 18+  years,23.1 [22.6-23.5],23.1,22.8 [22.4-23.1],22.8
United Republic of Tanzania, Female, 18+  years,24 [23.3-24.6],24,23.5 [23-24],23.5
United Republic of Tanzania, Male, 18+  years,22.2 [21.5-22.9],22.2,22 [21.4-22.6],22
United States of America, Both sexes, 18+  years,28.8 [28.4-29.2],28.8,28.5 [28.2-28.8],28.5
United States of America, Female, 18+  years,28.8 [28.2-29.4],28.8,28.5 [28.1-28.9],28.5
United States of America, Male, 18+  years,28.8 [28.2-29.3],28.8,28.5 [28.2-28.9],28.5
Uruguay, Both sexes, 18+  years,26.8 [26-27.7],26.8,26.4 [25.7-27.2],26.4
Uruguay, Female, 18+  years,26.9 [25.5-28.2],26.9,26.6 [25.4-27.6],26.6
Uruguay, Male, 18+  years,26.7 [25.5-28],26.7,26.3 [25.3-27.3],26.3
Uzbekistan, Both sexes, 18+  years,26.1 [25.1-27],26.1,25.6 [24.9-26.3],25.6
Uzbekistan, Female, 18+  years,26.3 [24.8-27.7],26.3,25.7 [24.5-26.9],25.7
Uzbekistan, Male, 18+  years,25.9 [24.6-27.2],25.9,25.4 [24.3-26.4],25.4
Vanuatu, Both sexes, 18+  years,26.2 [25.7-26.8],26.2,26 [25.5-26.5],26
Vanuatu, Female, 18+  years,26.8 [25.9-27.7],26.8,26.6 [25.9-27.3],26.6
Vanuatu, Male, 18+  years,25.6 [24.8-26.4],25.6,25.5 [24.8-26.1],25.5
Venezuela (Bolivarian Republic of), Both sexes, 18+  years,27.2 [26.5-28],27.2,27 [26.4-27.6],27
Venezuela (Bolivarian Republic of), Female, 18+  years,27.1 [26-28.3],27.1,26.9 [26-27.8],26.9
Venezuela (Bolivarian Republic of), Male, 18+  years,27.4 [26.3-28.4],27.4,27.1 [26.3-27.9],27.1
Viet Nam, Both sexes, 18+  years,21.6 [20.9-22.2],21.6,21.1 [20.7-21.5],21.1
Viet Nam, Female, 18+  years,21.6 [20.7-22.5],21.6,21.2 [20.6-21.8],21.2
Viet Nam, Male, 18+  years,21.5 [20.7-22.4],21.5,21 [20.5-21.6],21
Yemen, Both sexes, 18+  years,25.8 [23.7-27.8],25.8,25.5 [23.6-27.4],25.5
Yemen, Female, 18+  years,26.5 [23.4-29.7],26.5,26.2 [23.2-29.3],26.2
Yemen, Male, 18+  years,25.2 [22.7-27.7],25.2,24.8 [22.5-27.2],24.8
Zambia, Both sexes, 18+  years,22.6 [21.8-23.5],22.6,22.3 [21.6-23],22.3
Zambia, Female, 18+  years,23.8 [22.8-24.8],23.8,23.4 [22.6-24.1],23.4
Zambia, Male, 18+  years,21.5 [20.2-22.8],21.5,21.3 [20.1-22.4],21.3
Zimbabwe, Both sexes, 18+  years,23.4 [22.8-24],23.4,23.3 [22.9-23.7],23.3
Zimbabwe, Female, 18+  years,25 [24.1-25.9],25,24.8 [24.2-25.5],24.8
Zimbabwe, Male, 18+  years,21.8 [21-22.6],21.8,21.7 [21.1-22.3],21.7
